Individual,Emitter,Generation,WinCount,AverageHealthDifference,DamageDone,NumTurns,CardsDrawn,HandSize,ManaSpent,ManaWasted,StrategyAlignment,Dust,DeckManaSum,DeckManaVariance,NumMinionCards,NumSpellCards,S0:WinCount,S0:Alignment,Weight:0,Weight:1,Weight:2,Weight:3,Weight:4,Weight:5,Weight:6,Weight:7,Weight:8,Weight:9,Weight:10,Weight:11,Weight:12,Weight:13,Weight:14,Weight:15,Weight:16,Weight:17,Weight:18,Weight:19,Weight:20,Weight:21,Weight:22,Weight:23,Weight:24,Weight:25,Weight:26,Weight:27,Weight:28,Weight:29,Weight:30,Weight:31,Weight:32,Weight:33,Weight:34,Weight:35,Weight:36,Weight:37,Weight:38,Weight:39,Weight:40,Weight:41,Weight:42,Weight:43,Weight:44,Weight:45,Weight:46,Weight:47,Weight:48,Weight:49,Weight:50,Weight:51,Weight:52,Weight:53,Weight:54,Weight:55,Weight:56,Weight:57,Weight:58,Weight:59,Weight:60,Weight:61,Weight:62,Weight:63,Weight:64,Weight:65,Weight:66,Weight:67,Weight:68,Weight:69,Weight:70,Weight:71,Weight:72,Weight:73,Weight:74,Weight:75,Weight:76,Weight:77,Weight:78,Weight:79,Weight:80,Weight:81,Weight:82,Weight:83,Weight:84,Weight:85,Weight:86,Weight:87,Weight:88,Weight:89,Weight:90,Weight:91,Weight:92,Weight:93,Weight:94,Weight:95,Weight:96,Weight:97,Weight:98,Weight:99,Weight:100,Weight:101,Weight:102,Weight:103,Weight:104,Weight:105,Weight:106,Weight:107,Weight:108
0,12,0,0,-30.61,0.0701107011070111,5.42,1.85977859778598,7.65867158671587,1.73247232472325,1.51291512915129,10487.5848708487,4080,75,3.71666666666667,29,1,0,10487.5848708487,-0.0381506601128,-0.0611854989171489,-0.0849810303817528,-0.023636220355828,0.0317317973687248,-0.0107422675213122,0.0269174157762197,-0.0323004463891283,-0.0365373660567698,0.0118861971694296,-0.00222024891934039,-0.0101797852299966,0.0617212525870899,-0.0881637455271321,0.0361005385875437,0.0237991687472011,0.103593299366708,0.0106123500883535,-0.0521987584963005,0.0208712731174369,0.0600148195928355,-0.063796463880452,-0.112024516113598,-0.0274621104292846,-0.0442315937773718,-0.0268612885993729,-0.00123977188486114,-0.0158123685582128,0.0407952735949936,-0.0682517012718127,-0.0387068386528931,0.0783551088631991,-0.0680707959172291,0.0109450639302712,-0.040659585055317,0.000390901123770649,-0.0196889126510736,-0.00570845450733457,-0.0267470948956468,-0.0127301745699497,-0.0210861710222698,-0.0605517871832526,-0.0154566290881557,-0.00918093984130504,0.0616079081697285,0.0300893868201576,0.0136775522259433,-0.0278892414324137,0.00453075362495183,0.0694393687948223,0.00820373143731699,-0.0116512069400441,0.0667239094670568,0.00487692290327213,0.0416004826391438,0.0121503488419735,-0.0567372755773377,0.00141478469594533,-0.0556121257412247,0.0403618258286907,0.0184778383139481,-0.0276629902733561,0.0256702310800765,-0.0877133459463284,0.0862688353504629,0.00817100908060228,-0.045486108855563,0.0282777686315981,0.0886534941326781,-0.0271583889191323,0.0308788213755677,-0.087664629530844,0.0345161360847803,-0.0303997316080509,-0.0578373029019211,0.0573478102905259,0.00290995832059407,0.0120815530452978,-0.030666310424004,0.0896724670315707,-0.114129427559258,0.0605816429111124,0.00701911511143685,-0.0218921633619686,-0.00495410826745855,0.0240970065531731,-0.00943106527964515,0.0154977924535201,-0.0121442742532074,0.0494311909538577,0.00042289846155552,0.0599144013803752,0.0254903622642029,-0.00373764833330721,0.0706536875513391,-0.0221974163515728,0.0427314473062886,-0.0378824833614312,-0.109446390982533,-0.0267812606884389,-0.0518738750289263,-0.0394676938273823,0.0116938065500265,-0.0087838833317327,-0.0064592883637147,-0.0693541599475913,-0.0794378387152772,-0.0178402998021888,0.00208314626249018
1,3,0,0,-30.68,0.050561797752809,5.34,1.79026217228464,7.67977528089888,1.60112359550562,1.62172284644195,45931.6554307116,4080,75,3.71666666666667,29,1,0,45931.6554307116,-0.00289277393089052,0.0172744510859546,-0.0417151494867374,0.0352008000675939,0.00917113501939946,-0.0757184718522909,0.0888703073269495,-0.0032075551560058,-0.0357654576669739,0.0433072492285835,-0.0135417249718181,0.037145122883385,-0.00703631722000192,0.0954958035387511,0.0330946753008812,0.0804574796709662,-0.0317616726314269,-0.0414976034012033,-0.0503175984664334,-0.0343451393234889,0.0511489362768871,-0.0123304470596033,0.0691061234905624,-0.00215969277819426,-0.0129043413756011,0.0375176132197865,-0.119363374319852,0.00727898806454633,-0.0885693642233906,-0.00317284029268971,0.0159407189310442,0.00641324041207337,-0.0165075941233961,0.0117451313314533,0.0377095814933706,-0.0766655924023662,0.0641101010019005,0.0597057055475904,-0.0398424097832557,0.00124590564666428,0.000703351563610232,0.0170649910723896,-0.029575374487216,0.0280658798053301,0.0195436870163623,-0.00590339465770315,-0.0343251163819301,0.0134276833487911,-0.0379539062434958,0.111685951407691,0.0445474519144827,0.0143632099002407,-0.0813303167685404,-0.00347251454109774,-0.0573162333019048,0.0208454161929016,-0.0390736016003205,-0.0192796828673722,0.0203459413407939,0.0629226179018299,-0.0480817465676319,0.00305273953882835,-0.0428044038591941,0.0167813189321897,0.0653037177202346,-0.0313765110800052,-0.0356949778922845,-0.0518266062989294,0.0397050599153489,0.01776421839748,-0.0101304308315818,0.0336983950290221,0.0207802052398873,0.0182427224321927,0.00769244071423758,0.0305687296881318,-0.0186312872915725,-0.0388495873415069,-0.0405387088595763,-0.000943264042303645,-0.0388863555416175,0.0351399290890565,-0.0926061372102708,0.0138985819786457,-0.0901693709990652,0.0668774197400633,0.0244508311443245,0.0230576671234821,0.151113813798041,-0.0886359279185366,0.0103366651148328,0.102284298913228,0.0720209723565664,-0.07627691879458,-0.0110580113414312,-0.0810633054340847,0.0501162131380173,0.149595424433244,-0.0936855251938036,-0.0461952033054368,-0.06944439520911,-0.0641386074070874,-0.0336749461004953,-0.0122608002920321,-0.0442767412359885,0.0348039014964452,0.0267845485103652,-0.0473406312114064,0.0216200277697355
2,6,0,0,-30.46,0.0904255319148936,5.64,1.63120567375887,7.37943262411348,1.34574468085106,2.02482269503546,35121.8989361702,4080,75,3.71666666666667,29,1,0,35121.8989361702,0.0291403812114426,0.0753370700586046,0.0402591252393248,0.00392681789545903,0.0479080645752501,0.0645312235252249,-0.0058316339705555,-0.0146020792116248,0.135604639485381,0.0275302165545694,0.0792767392300435,-0.0474147310246173,0.0452315523159591,-0.0658218468762616,0.0168185896985253,-0.0854994307121136,-0.00406269489554755,0.0378561363255905,-0.00379196332254898,0.0202773368405831,-0.0364789645269758,0.0548692924975126,0.0916089645289188,0.00664748041149989,0.0302309352581352,0.050055355422678,0.0874429624399738,-0.0244667520445875,-0.00065365510749097,0.0398613025428422,0.00958891047384574,0.0262792164228002,-0.0160940797105755,0.00978365602456295,-0.0791821300148932,-0.00057295347958981,0.0794312569906424,0.00556334898639471,0.039622405059095,0.0362941229054118,-0.0716736749568793,-0.0166701921178799,-0.0888785405779953,-0.0292490364813185,0.0603505578387262,0.0517919412456793,-0.0214735222850405,-0.0488754833520002,0.0170832752108057,0.0394638205634442,0.140926715989906,0.057007351855853,-0.0330400269786975,-0.0740963410898617,0.0280578332790915,0.00843432821758555,0.024007223000637,0.0333494701280594,0.0673014075511594,0.00472880936447908,-0.14807155861104,0.00598132823246327,-0.0705066977803093,0.0477667516272514,-0.0214859561787063,0.0320122568519232,0.0200667633472092,-0.0556099608305411,0.0195495692606114,0.0684637112552572,-0.0337650516336614,-0.0282883935352793,0.0681644020998501,0.00240050329473783,0.0164076669843044,-0.00631397531136237,0.0519937050149857,0.0684768456580693,0.0673987495250883,-0.00477260367090406,0.0551855131689727,-0.00138111821338224,-0.0369003718102,0.0382731792572964,0.0720432238925793,-0.0438033510862815,-0.0281365547505476,0.0370917402225963,-7.93211785494478E-05,-0.0133335351804843,0.0800487011171082,0.0206974403477637,0.0586403388537407,-0.00497530296165873,-0.00296418892168196,0.0553076507410157,0.0842638024743546,0.0117116650022059,-0.124521804295835,-0.0425788512276209,0.04563842838607,0.0742082428970356,0.000180278784413645,-0.0407529235464563,0.0322081475207639,0.0630862402164159,0.0465958147515913,0.0165231810702169,0.0259090959825541
3,1,0,0,-30.42,0.493761140819964,5.61,1.66844919786096,7.63279857397504,1.72549019607843,1.65953654188948,91827.7700534759,4080,75,3.71666666666667,29,1,0,91827.7700534759,-0.021193099052747,0.0112515048795267,-0.048746615171064,-0.00834187223710131,0.0340727449249784,0.0764402091945289,0.0232925577648633,0.0120998074669339,-0.0243935175204707,0.0558274992325035,0.0417833294926085,-0.0423571337522843,-0.00795136901227548,-0.0256261069767264,0.000243830183911424,-0.0621197024016609,0.0290372934861636,0.00548954763767708,-0.0180127001708935,-0.0745401563423246,0.0909340573261556,0.0159068400278172,-0.0482308581480563,-0.0175205079620721,0.0332651522535356,0.0590440063347582,0.0658804211980558,0.0618736754487632,-0.0181631766122245,-0.0430054040252378,0.0341005009449971,0.131561119009353,-0.0158885834865992,0.00694800227140347,-0.0551163394359437,-0.0046472080227983,0.0602411484767982,-0.0194680664915773,0.0289472770201625,0.0167594386839527,0.147515451347454,-0.0926554162713932,-0.000532765938916222,-0.00179602953314536,-0.0246402452613797,-0.0948506642832454,-0.0287526701425415,-0.0476959850034914,-0.0371085857567358,0.00944137621056911,0.0256409063961203,-0.122033434275799,0.0140766587977624,0.00670000280449317,-0.00934173745494973,-0.0210209734332939,-0.0105443466169843,0.017937273353756,0.00677333970160965,-0.0637447386620098,0.00439125834375643,-0.0494285415146052,0.0344479805529568,-0.0282354258185654,0.0594306279847225,-0.0593376338906644,-0.00572544697294287,-0.00972978762061806,0.0648733928138342,-0.0312139495360157,0.115105487394518,0.0466165758844096,0.00235306897114853,-0.00209589400705996,-0.0242023192011317,-0.0128237827420706,0.059781716244592,0.0448030711995749,0.0622422955675107,-0.0809919188116018,0.035181678027584,-0.0223703723986703,-0.0357725741803046,-0.00762798092863933,-0.0222586845965281,-0.0821536985075819,0.0383017225269365,0.0252445801166058,0.0208858604501282,0.0276131238101,0.0674864257507885,-0.102745686574301,-0.0159756837910613,-0.0403820292714702,-0.0192053447347551,0.0255209869483163,0.0763816745640239,-0.0392148912042016,-0.0382379111792935,0.0143880149352323,-0.0490399914601784,0.00458614624224618,0.0556383778484495,0.00375448349952801,-0.0011800966365147,0.00259663762087635,-0.063399221680027,0.082366916360029,0.0910531464252
4,7,0,0,-30.24,0.127134724857685,5.27,1.86907020872865,7.60151802656546,2.04554079696395,1.12903225806452,36905.3510436433,4080,75,3.71666666666667,29,1,0,36905.3510436433,0.0466278521342994,0.00517671882417544,0.0416422323664689,0.0734079102709749,0.0677543372353791,-0.0833115980075309,0.0335526793687745,0.0176931669176674,0.0328615849427688,0.000728323041816024,-0.0358831956736981,-0.023749421944647,0.00033412941082708,-0.0124756964765385,0.0385412050800351,-0.0864855110090223,-0.0419214056627503,-0.00783065286440752,-0.128614100965528,0.0225447680319309,-0.00587655603958253,-0.0922084474651981,-0.0202112229556071,0.0794222804182524,-0.0252338879928606,-0.0469687136297187,-0.0789664521987756,-0.0627084290726158,-0.0485112547798565,-0.025675498525302,0.0570833202247469,-0.0250209176321584,0.055049207484092,-0.0931545425467467,-0.0823061295397228,-0.053389588560905,-0.00634987956583243,0.0298382914478199,0.0186797314574377,-0.00761090692797695,-0.0800750004246833,0.0534532774127515,-0.0185135158740635,0.0129513171309732,0.0688845945389879,0.0733809288751712,0.0855193214368356,-0.0453671320212855,0.0790015164038153,0.0500425563696516,0.00777761227991761,-0.0200883094686519,-0.0568546698757471,0.0314494218988413,0.010834330129085,0.0085682953947389,0.0166573388007312,0.000388559280598125,0.00625368746899223,-0.0545891017273322,0.0280956765217923,-0.0249811614049095,0.0151469566947932,-0.0464483761376374,-0.0319483518430754,0.000394385898196583,-0.0401848010803177,-0.0386247910606896,0.043491904737804,0.0117783025809651,0.0145004837697653,0.0103973943035882,-0.0726203702856024,0.028774057307247,-0.0557966042857804,-0.0595273888950297,-0.0423659757766192,-0.0504990351851816,0.0630545461403115,0.0443558510859983,-0.0104920365456127,0.00754571760801349,0.00672645925498225,-0.0270521975146296,-0.0476995135044569,-0.0251129754017346,0.0143575211667439,0.0423796269644644,0.0219605740134416,-0.0262713652669857,0.00789787797442972,-0.0624366921665854,0.0546187493557105,-0.0396657555534297,0.0271833630585307,-0.0205702380602442,-0.0202953738790586,0.0410127448390878,-0.0682894579269619,-0.0541717062564093,0.0101865811030933,-0.0236617793838327,-0.0113512012983652,0.0169368119921095,0.0781015337479651,0.00900170924901659,0.00435707599223113,0.0039473670594101,0.0396581428667598
5,11,0,0,-30.62,0.1375,5.6,1.70357142857143,7.39285714285714,2.45892857142857,1.075,-63416.1375,4080,75,3.71666666666667,29,1,0,-63416.1375,-0.136216155890192,0.0414854441686982,-0.0852477016942307,0.0270163463466366,-0.0584289207452511,0.00491395122435748,-0.0437733678817198,-0.027242042120231,-0.0740154884331277,0.0155694674532277,-0.104335470336213,-0.0348754085662942,-0.0505968338187944,-0.109189198074893,-0.0267350389982632,0.0825058595370636,-0.0975189389666666,0.00463316885503055,0.0218612846882989,-0.0636793775379788,-0.0701724128600171,-0.0399384288416433,0.0464051049164036,-0.0267305142948054,-0.0676266198217576,-0.00268461602213053,0.0235933733359036,0.0692934382992292,0.00866187901272883,0.0036034408673023,-0.0354928215793561,-0.0701637726898119,-0.00301666903527429,-0.00927884224693126,-0.0621899951945232,0.0430970619739477,-0.0593266252321691,0.103428884223134,0.031582053698494,0.0732930729462371,0.0239409667949586,0.0378590011529189,-0.0177757992086211,-0.00715197343504327,-0.0342770061442195,-0.114845579656229,-0.020037703075187,-0.0105777757603275,0.0311889164428789,-0.0492638656309535,0.0555168133597294,-0.0149564293492961,-0.0159032271572568,-0.0869414113720876,-0.000916485819708544,0.00393916753996759,-0.00902528312852404,0.0280240431822897,0.0608624946784635,-0.000176571838870478,0.0124012745940768,-0.0396718653575086,-0.0302039347854566,0.00725757923903197,-0.016908829371818,0.00922320122443858,-0.0970424865014086,-0.0167823824058647,-0.00972087477438624,0.0678484456781433,0.0493855377159671,-0.00388351398420813,0.0262393070697155,-0.046163806740244,-0.0569434862821851,0.124105830582212,0.0570857139867957,0.0582168433030753,-0.00784584021517438,0.0250624875420082,-0.0517519690097056,0.0157650820239533,-0.0886782485066924,0.0111460522080967,-0.0433930185305041,-0.0457993311761414,-0.00365554026808547,-0.0042170599768547,-0.0432264275679038,-0.0514503823963162,0.0861543934502074,0.0891432198283011,-0.030697319998692,-0.0402596563747408,-0.0584958183170334,0.0363480161751394,-0.0435617395104611,-0.0273298980610651,-0.0460136846243624,0.0616476931310257,0.0957671693259014,-0.00968193324601315,0.0422321242902914,0.00591117710892968,0.00875003280736793,0.0315581766573229,0.0598777055072212,0.0166674601661365,-0.0464768885782383
6,13,0,0,-30.82,0.0315985130111524,5.38,1.84200743494424,7.72862453531599,1.90706319702602,1.31970260223048,8512.4405204461,4080,75,3.71666666666667,29,1,0,8512.4405204461,0.00575031250161315,0.0660787877250482,-0.0418285059839664,-0.0295354961619268,-0.045633956507314,-0.176029737195747,-0.033393916325324,-0.0187002846801742,-0.0256456881649925,0.0151159874165576,0.00881307603234793,-0.0228085525518806,-0.0402454343110004,-0.0757141814999432,-0.0543360181168547,0.0171720049408845,-0.0411658866935783,0.00309232048584445,0.0887654428264665,-0.0695260166709211,-0.0768268442621331,-0.0389888225672218,-0.0300445053466215,0.0151831908897835,0.0203086815208189,0.00673335791166465,0.0252775980736592,-0.030882553722436,0.0391644317784662,-0.0240818550055489,-0.0304488128415869,-0.0505658311470103,-0.0180851949154017,-0.0489798248476769,0.0619689588533158,0.0317729210064135,-0.0914686359935183,0.0166435488163485,0.0213284807835758,-0.12657421575097,0.0332015233402127,0.088870519255967,-0.0284329080138441,0.0191588933884692,-0.0669342609209407,-0.0212957830583976,-0.0219847120481288,-0.0618472796713816,-0.051456315815458,-0.0391789097989483,-0.000640133232088707,-0.0330586585357657,-0.00155212267153969,-0.030127831433202,-0.0321846968564719,0.0294723385950241,0.0685467947597092,0.0212063614834769,0.055360450684738,0.000643017525728439,-0.0248269928505776,-0.0190296416984123,-0.0540126620693874,-0.0280827615984506,0.0497979674513429,0.0458368406966588,0.053670193189589,0.0363409672221046,0.0241890734174861,-0.0263368539047789,-0.0320609942534652,-0.0297907405852197,0.00553565680078899,0.0558938366460471,-0.0742410248555044,0.10194568621189,-0.070050016410471,-0.047151158363167,0.0791541548315684,-0.0739635424958031,0.0786896395984202,0.0173524326198278,0.00830205818495163,0.020845366617501,0.0273391639854816,0.00556444682597867,-0.0337607758144935,0.0200671746867098,-0.0405702655871998,-0.0595535520467736,-0.0117223306801283,-0.0539792298485925,0.0141846286335658,-0.0173026239872064,-0.0454010825622671,0.0700775641912695,-0.0899886936836423,-0.0503138774719412,-0.0291188638658561,-0.031065727795215,0.0270448076337632,0.0572890992746395,-0.00736273597022173,-0.0449024505409401,0.0159538429958137,0.137376509838667,0.00424411106075875,-0.0634401896338077,0.024651889669361
7,4,0,0,-29.11,0.489795918367347,5.39,1.72356215213358,7.10575139146568,2.22263450834879,1.19666048237477,38144.3896103896,4080,75,3.71666666666667,29,1,0,38144.3896103896,-0.0672309969666796,0.0174944022515422,-0.0523040543813559,-0.133135764637108,0.106428825953551,-0.0483532117458523,0.0014924241817353,-0.00190564835588697,-0.0123877655616312,0.0678080012072932,-0.0282100421386204,-0.0108371071615291,-0.0164162546018175,0.0439041460931901,0.00380145823486378,0.023407910886528,0.0532883439655536,0.0649098295698742,0.0549774689000234,-0.0653761597565517,0.0374687491347334,-0.0434194682190451,0.0205748304738208,-0.00877303161349216,-0.0756259430850349,0.0377042988694116,0.0367153100740556,0.0549742186578688,0.035870087449239,0.0134508547163815,-0.0228833579244285,0.0427928173445564,0.0587733837769897,-0.0925151913916333,-0.0380833977017266,0.0246436104429158,0.0552720848059456,0.0240006889438615,0.0693550026586463,0.0449275005807242,-0.094321365286074,-0.0755694341843244,-0.0291162936896094,0.0504697977714547,0.00495656044948077,0.034999345201488,-0.00320086668740252,-0.0261244790719925,0.00850774914230912,-0.0331619669149065,0.0892274040641513,0.0246441314828489,0.0813249167132771,0.026967035153095,0.0585802494434197,-0.00719455054051086,-0.0281492470362615,0.0165875316441226,-0.0415191909621742,-0.0274327548238487,-0.00834473585859248,-0.0205815384500804,-0.0333435150370765,-0.00578283009783517,-0.0926512820970707,-0.0250310046669471,0.0075913431883923,-0.116289097847267,-0.0135482798338679,-0.0143911274304407,0.0281705919862398,-0.0990977936646257,-0.0906872341338725,-0.0188468006831153,0.0209271088258237,0.0767981565070895,0.0254120718363347,0.0381846682330336,0.0523212788183724,-0.0110365018215872,0.0632088552312135,0.0779979903768817,0.00282848376019362,0.0131736403296521,-0.0299384187319629,0.0616960874354211,-0.0898506085794585,-0.104843633523607,0.0268017283079976,-0.0213736920439153,-0.0524154963555137,0.0115824015048367,-0.000505689999389292,-0.0313374289530526,-0.0672030355570871,-0.0535167044090211,-0.00456181665871517,-0.0166231641162687,-0.0134610571685102,0.0492227114618406,0.0325639862811205,0.00380070302238386,-0.0229686436891407,-0.102803499078561,0.0341632997457935,0.0358803922191203,0.040348881754493,-0.00704149550871301,0.0354227544240261
8,5,0,0,-29.41,0.211786372007366,5.43,1.70165745856354,7.26519337016575,2.7182320441989,0.793738489871087,-2550.31123388582,4080,75,3.71666666666667,29,1,0,-2550.31123388582,-0.0169938288199521,0.00550122501784142,-0.105902716493648,-0.0452138889041479,0.0658078396091713,-0.00396437289465613,0.0267239310692876,0.000424845056591925,-0.00203607126781374,-0.0252756870896256,-0.0590825281799977,0.0219712833754027,0.0870885403953081,0.0393461497976046,-0.0639958922461691,-0.00377579384695599,-0.0540889499467406,0.0147982820620326,0.0716344681585206,-0.0126418964904055,0.022819984524962,-0.0362815643461574,-0.0512823276307686,0.0696383235210909,0.0161160476675745,-0.0433374252235544,0.127291545571298,0.032810769123821,0.0551621523841572,-0.0285750738004842,-0.0752382077932924,-0.0657749186775043,0.022677617505039,-0.0748048154986453,-0.0457206593643623,0.0559596984579188,-0.108653062253801,0.027558835540417,-0.00740628358745595,0.0076232554787394,0.0192255660159678,0.0581739093143479,-0.0529538851313622,-0.0051129484970538,-0.105171763704399,0.0063010061602384,0.0504303731499905,0.0649119039872636,-0.0296075096502929,0.0900817278593825,-0.0191102645202528,-0.0321541435492411,-0.00678040794262514,0.0479354531774648,-0.0724740954491539,-0.0123566354644496,0.0234866780823984,0.0154555649171403,0.0615508441143474,0.0445969275206195,0.0438063958578388,0.0064713211193917,0.0259240256356218,-0.025875199389455,-0.0528859620459531,0.0431273711494689,-0.047688835626578,0.0288358510141231,-0.108838925009844,-0.0507656100601321,-0.072355991055473,0.0478622513219488,-0.028294305863155,-0.00994582880488713,0.0874330719414261,-0.0105600371945592,-0.016899261105836,0.0331296508679345,-0.017337610430472,-0.029366247889431,-0.0573292350565807,-0.00333297285716598,-0.0406339387276614,0.00974880345991662,-0.0213009697880165,-0.119874690595896,-0.0731790039434892,-0.00448734416756087,0.0183096187922689,-0.0295118642769779,-0.0670903744080251,0.0431968331478086,-0.0895711934787386,-0.00353565472256877,-0.0665097149108096,0.0055078907143886,0.00376629114814675,-0.0535162385941241,0.00447508691965992,0.00531889727188583,0.0686962112313397,-0.0589578860967106,0.0122944974298641,-0.0275309631603994,0.102361141544919,0.0144572346723812,0.00545253482608089,-0.0197986192355932,0.00362171258678878
9,6,0,0,-29.83,0.0289115646258503,5.88,1.04761904761905,6.21598639455782,0.799319727891156,2.79081632653061,2676.67176870748,4080,75,3.71666666666667,29,1,0,2676.67176870748,-0.0364439410301472,-0.00429517274379343,0.0252219780351225,-0.0461718438585309,-0.0120465183197743,0.0775651211505975,-0.0504644782327153,-0.0496639452041361,0.055299422608727,0.0187525145613667,0.0539301877130075,-0.0142399692459035,-0.0562940912451051,0.0147153908942679,-0.0331197647431726,-0.103989530284244,-0.0380565325096963,-0.036244903779968,0.0448196214574896,0.0283116300960056,-0.0366114159536038,-0.0372155195457239,-0.0216372004288823,0.0105725611796595,-0.000522478659633605,0.0493802525508419,-0.0628338221783394,0.0528938299595024,-0.0374114147936413,-0.0135718831472154,0.0108062367545807,-0.00269119527742898,0.00854329860358809,-0.0563552166056731,-0.0775284197702177,0.00852928115375873,0.070607172626575,0.0279127790649999,0.0236297255832005,0.0094956874530541,-0.00679551689223767,-0.0927006848282375,-0.0532610799735588,-0.043418058983986,0.0834558143686623,-0.0172643600914643,0.0290459716636594,-0.00454422272671139,0.0357976938141144,0.0555141844688746,0.0521790021272999,0.0829092137976822,-0.0268820412817076,-0.00926215884081727,0.000677582552273045,-0.0145129270355691,0.0378984382923454,-0.0306083670663026,0.0203144602515303,-0.0189150772099517,-0.0320709484353171,0.0176617876723185,-0.00767890040196729,0.000276615684122804,-0.0064361621775,-0.0417381919763546,0.0294615963845838,-0.0956015244902538,-0.00342487730658473,-0.0812541493141905,-0.00893909405263696,0.0693179109331907,-0.0178983966173279,-0.108989487742843,-0.0164832754191122,-0.0244782707533428,-0.0390037967664663,-0.0644850915059074,0.0280853155162834,-0.00593534668483091,-0.0400188427482549,0.0351747690124379,-0.0741766035413234,0.0328592378130345,-0.130311432751728,-0.0484034752209642,0.0035746307706371,0.0227393460037239,0.0724577651633216,0.00486819341240374,0.00338760266465129,0.0638955975289812,0.0383572389847308,-0.0672102243105507,0.0230440937444026,-0.0531638185007558,-0.0615194778491013,0.0372107389497811,-0.018357654098442,0.00125822051262771,-0.0328897885207727,0.0100247412213554,-0.0677103147838764,0.0201926172931891,0.0748126343317674,0.0248295155605277,-0.0111587438478299,-0.02904256772582,0.0229085153777832
10,8,0,0,-30.66,0.0707635009310987,5.37,1.86405959031657,7.64432029795158,1.756052141527,1.46368715083799,-49242.8715083799,4080,75,3.71666666666667,29,1,0,-49242.8715083799,0.0550790040285217,0.0397043597124029,0.00190502045213551,-0.00384644268108103,-0.0121954559768704,0.00949906524517319,0.0737558004960226,0.0460798551792189,-0.00435788196580866,0.00619802886773137,0.0992345156394462,-0.0174392956791609,0.0138115776436251,0.0306401776611004,0.0115737207405815,0.0900791822056431,-0.0155771083352379,0.0500355330950021,0.033754085780691,0.0346782363200325,-0.0876606756346843,0.0257701437685795,-0.0401542691682865,0.00536687004574865,-0.00779674819920066,-0.0650379261804779,0.0404018304462823,-0.0359447649927127,0.0299517063220261,-0.0199851555861379,0.00520442177947377,-0.0110850780985286,0.0433524562540609,0.0440500947294672,-0.000825159780920395,-0.0180463196218872,0.0379685692335964,0.000243457497766654,0.0202398510466116,0.12105962445001,0.0932113224335258,0.00270208691638666,0.0324748088788628,0.0600868597128755,-0.0554262187432859,-0.0204252572557211,-0.0722856666484162,-0.0485197493911899,-0.0449863018805885,0.00974308492208428,-0.0560363173294388,0.0483914767375819,-0.0144119327635801,-0.048281714249004,0.0681281998492268,0.0957439296820985,0.0889470036272531,-0.0249741299088879,-0.0229610040263611,0.0786122513450079,0.035777913619986,0.105530291076311,0.00176651247282549,-0.0321210730685444,0.0117691374434281,0.00346151382548612,-0.0425175799124751,-0.0304535511420221,0.040850708699181,-0.0938798737859656,-0.0735579410586383,0.0119954146497818,0.0319123903063484,-0.0360605376449446,0.0575563909706274,-0.0540493468009779,-0.0470815799420576,-0.0402486184733086,0.0325004660693062,-0.0297392568894024,-0.0379753855343576,-0.00132063982454689,0.0299763715182631,0.0199600268296295,-0.108978844627533,-0.0620126496084711,0.0210558435635119,-0.0144717095646887,0.0102647936548658,-0.00799153076102375,-0.0452502951040961,-0.108183431897776,0.0223927795920479,-0.0652340471750737,0.018030620321553,0.11856646509322,0.0146295407532456,-0.034930034187778,-0.0735289401200364,0.0100143133649521,0.0208518637601018,-0.0198556065798619,-0.00995785879327494,0.0246770226022241,-0.0205466553285803,0.0175213874037954,-0.0397170869618644,-0.0485728381407709,-0.0367114190591959
11,9,0,0,-30.23,0.1996336996337,5.46,1.82417582417582,7.30586080586081,1.996336996337,1.33150183150183,10081.2051282051,4080,75,3.71666666666667,29,1,0,10081.2051282051,0.0954544132210997,-0.00627860063172608,-0.0490324050725739,-0.0069256057400802,-0.0136566801752107,0.0405934520001651,-0.0408185614814162,0.073324222018476,0.0166755932540895,0.0104431438237365,0.0338453379315049,0.00726248153433085,0.00548708260238052,-0.0566444462738158,0.0426892574319773,-0.0143608077118525,0.0904869411390833,0.00695446502091102,-0.0348105507463129,0.051829631757843,0.000911728969483274,-0.00509526614186686,-0.00725548643216794,-0.0474530722157483,-0.00606555138580527,0.00175308800177016,0.00490672769860568,-0.0204207738332674,-0.0222554153451169,0.00617657068433876,0.0521730666961256,-0.0610900014070879,-0.101173359926668,0.084747804252048,-0.00858162171569686,0.0221920614757093,-0.00924196926272767,-0.0485763848910059,0.0418887049173195,0.068576552129057,7.72077323671082E-05,0.0176920027791773,-0.0777666265401615,0.0687432653776389,-0.089157352874458,0.0352838354190446,0.0221531457303266,-0.0300043410144167,-0.0357001834727665,-0.00191057678657198,-0.0318833969903008,0.0477387166995494,-0.0646850983708831,0.0855432608213426,0.0488125440085381,0.00148282015097432,-0.0684924912385303,0.0180987666051081,0.0267040078994007,0.0121483318809388,0.0236558652930413,0.102639056052762,0.07763175835173,-0.0639401119365073,0.0017118773900068,-0.0643229934846096,0.0524784027999682,-0.00680566983728946,0.021192799405054,0.0123605134505663,-0.0595496290956844,-0.0384511439220028,0.0522174421720694,-0.03243270423915,-0.0302592910751172,0.0296098413202761,0.048429255018698,0.0729763734838546,0.0254295638899812,-0.126821413497016,0.0378256836394538,0.0411055100787764,-0.0712266268859954,0.00209826095827626,-0.0272735835344923,-0.0596425062357008,0.0551540800481642,-0.00825696159360162,0.065398544856574,0.113794519559662,-0.0353425823577443,0.0573015810039214,-0.0347290973961673,0.0454586032087566,-0.0113514194292038,-0.0181312398600996,0.0979612169744836,0.018569913531242,0.0688819937380639,0.0305906970913304,-0.101503640544738,-0.0392049862226675,0.0682857488001901,-0.018407746249654,0.0176751911410034,-0.00129547368896081,-0.043990438362154,-0.065959317274046,0.00196221105183283
12,13,0,0,-30.26,0.117543859649123,5.7,1.20877192982456,6.28947368421053,0.507017543859649,2.89649122807018,11905.9666666667,4080,75,3.71666666666667,29,1,0,11905.9666666667,-0.0651126084248067,0.033364959836212,-0.0794835545228119,-0.0154095180306324,0.0221144964449455,-0.0876472131788665,-0.0278230368003204,0.0150535964938949,-0.00332520847820909,-0.0192256734938701,-0.0614020776315122,-0.0573530394001941,-0.0148140071792666,0.00212732006255401,-0.0758900982318529,0.0305534872261095,0.0291378962652209,0.0890394663455801,-0.0716915214327185,-0.010922297496685,0.0148770918174593,0.0384598592557749,0.0196868435717698,-0.0637896113314556,-0.00662166824514701,0.0233165742356278,-0.081686886110458,-0.00769766141093546,-0.0828012581996729,0.050622829855095,-0.0227354453950051,0.00272200038608759,-0.0449239095033078,0.00426433913181937,0.029087348219771,0.0386076317608219,0.0355837275224362,0.0120665422603769,0.0186767096816783,-0.0340865187783379,-0.0369582190555296,0.0430829861086424,-0.0826400349995801,-0.0663212676952251,-0.00451774089338545,-0.0173095841280612,-0.0239699532714553,-0.0241762786868096,0.0229480371805968,0.0303607066586866,-0.0738249087937496,0.00905674428688805,-0.0160480539077805,-0.0352271709114745,-0.0220893216204655,0.0895902191224486,-0.0144268655422554,-0.046695965132028,0.0451092387563528,0.00439468557836352,0.0282217189858586,0.0274052333550541,0.0189646435586609,-0.0143127489192999,0.00473242539638092,-0.00454254737782333,-0.0580961048075346,-0.0392079997441081,-0.0136581123761374,-0.0365365778119916,0.0799690791426576,-0.0902950632898878,-0.0696666252783773,0.030884046635156,0.0111528198882269,-0.027119730359877,-0.0575694461296304,0.024038299577831,-0.00671423318351623,0.0486046955355039,-0.041953740630636,-0.0380540915404386,0.12928685559997,0.0228182446547469,-0.0739638828153905,-0.0334671387783536,0.0698664719593697,0.009176067142382,-0.00261437327125891,-0.0148376321441533,-0.0378552710704507,-0.0685859620781364,0.000741762367456362,-0.0376634045331119,0.0185300851508631,0.0184168539038948,-0.0121673364357964,-0.00692065755321129,0.0601697061286198,0.0259083706515573,0.0209626866114547,-0.102009691897132,-0.0173196741517731,0.0291215118815869,0.00498364264590697,0.00981075435001386,-0.0311176841033035,-0.00206848531149933,0.00616767618824465
13,0,0,0,-30.65,0.0812274368231047,5.54,1.77617328519856,7.69675090252708,1.92779783393502,1.39530685920578,55733.5703971119,4080,75,3.71666666666667,29,1,0,55733.5703971119,0.0558910409240714,0.082910114235428,-0.039166883687373,0.0678976540118798,-0.0643728248638471,-0.0145151632064544,-0.0168754361930941,0.0199004835707338,0.012610880330859,-0.0179515148196053,-0.00742944290495928,0.0214597029405156,-0.0345832819766225,0.0542659286198823,-0.0772943146457946,-0.0573866101817894,-0.024456214122532,-0.0274367805340744,0.0324330415362982,0.00565548717143421,-0.0666453889506547,-0.00250544035807229,-0.0230899002130503,-0.0361949462692138,0.0146008948106342,-0.0248310075603739,-0.0552384951702748,-0.0348267514801908,0.0437801205785566,0.065308226748388,-0.0190140767958614,-0.105616594179725,0.0139949968158909,0.00723848493961794,-0.0101404632320588,0.0183245766742424,0.0748543274682934,0.0932450815510289,0.0170905817498797,0.0321789513360917,0.0260644154093315,-0.0385132890820721,0.0136133259134865,0.0360275641673502,0.0216935045277279,-0.019195084713496,0.00248921160548058,0.00387365556101234,0.0446332766204311,-0.0172959704113972,-0.0423084988472624,0.0179100878215266,0.0208861614079889,0.0718883688638035,-0.0142908492433755,-0.0401875446396605,-0.0243055754364848,0.0688527671464722,0.0580905383572577,0.00733272823861113,-0.0364910626885291,-0.00475507023546877,-0.0399498465222089,0.0557127354964482,-0.0677323777525973,-0.0170186463797731,-0.0346809557634704,0.0179574862625273,0.0354520781880922,0.0598010661603603,0.0967765808612083,-0.0180943588805535,-0.127696712112034,0.0392883591436343,-0.0439862110997516,0.00239225109505079,-0.0864725686374193,-0.102016263343195,-0.0337139547174945,0.00277108603413462,0.0111447399132945,-0.0242438238352968,0.00312901257566563,0.0585982048180136,0.146983043938204,0.0303490811921813,-0.0415428709709718,0.0137274080332157,0.0367970972539197,-0.00142975225945201,0.0704433700508572,-0.0399733989406666,0.0304219559309327,0.0523895740341375,-0.0185941368480619,-0.0713824161413642,0.00478080118233081,0.00702476586050899,-0.0760403604070093,-0.0151751002750513,0.0744987186372611,0.0600960052479887,-0.0695539506284532,-0.0636115234420109,-0.028293519536892,0.0549898405042764,0.00752317329187056,0.00156221754924082,0.0612430036123577
14,6,0,0,-30.62,0.26056338028169,5.68,1.6919014084507,7.41197183098592,1.9806338028169,1.41021126760563,-75859.7693661972,4080,75,3.71666666666667,29,1,0,-75859.7693661972,0.0856363001416068,-0.0401301631975288,0.0139737680467679,0.0486231799572373,-0.023866549838993,0.0849559364861083,0.00828712314362314,-0.0220164481295287,-0.0420310249576205,0.0301479792130997,0.0689174841167668,0.0902412115717888,0.0405005064501039,-0.0982954623614398,0.0291228091712786,0.0510446637829257,0.0244108740057955,-0.0411693028260411,0.0106918037749242,-0.00754598130071555,-0.00444021328768315,-0.00585305961943972,0.0249742805950687,-0.0133773203759741,-0.0180961740356248,0.0632277847614899,-0.00866982861556195,-0.121908080873319,0.145130791437699,0.0177015935903303,-0.0139859776871435,0.0162938519190633,-0.0615194741118115,-0.0454263297999047,-0.00306312439892618,0.0242372145466889,-0.0221717502875733,-0.0159451451190478,-0.0403830853978037,0.0464522413666038,0.0314223164144112,0.0513700828568674,0.0698968305242259,-0.0641469118042876,0.0567180578951754,-0.0128225944086631,0.0600195210345505,0.127987893355995,-0.0186617320678162,-0.00182184799568641,-0.00140180777415308,0.135877074405887,0.0339519731688187,0.00208064689515792,-0.000665305602099094,0.0423964878361487,-0.0114627374640557,-0.0534839517388798,-0.0359151845937852,0.0863687014133798,-0.00226021547464533,-0.0378589554169891,0.121934194492643,0.0303225017732479,0.0571915444768603,-0.0182782454140491,0.0163335668545344,-0.0705628602688896,0.10169691076416,0.0621050573673858,-0.08075814208575,-0.067038223906111,-0.0172500932186114,-0.0171473412771777,0.0379532144791816,0.061775227359138,-0.00602147612473061,0.00323462645185478,0.0204913787444866,-0.0760155361118432,-0.0647984314379798,0.0142156797553424,0.00749444801700808,0.113610075061042,-0.0903174014964693,-0.0254784357904382,0.0384126163162685,-0.10950087947504,0.000758874221515978,-0.00931816569520558,-0.0548209622200765,0.0658853685744789,-0.0968228183053261,0.0303909188899988,-0.0050845751464403,-0.0928224892397195,0.00701085255514146,0.0287427919178915,0.0210368915147561,-0.0277486738368707,0.0383917259288368,-0.00168041400527863,0.056323129682483,0.0349086065203427,-0.0189030037324984,0.0519275768689939,-0.0259659631150169,-0.00865116784337632,-0.055158925446584
15,12,0,0,-30.26,0.0599250936329588,5.34,1.72097378277154,7.37265917602996,1.75842696629213,1.45880149812734,-17047.5543071161,4080,75,3.71666666666667,29,1,0,-17047.5543071161,0.0272647607070848,-0.0807544981520167,0.0146053946321166,0.0237650470583464,0.0362208494284889,-0.128301616845432,-0.0366713109150788,-0.00518715275019448,0.125896079111471,0.0350362408114779,0.026277114137471,0.0417239718482972,0.0291444249775357,-0.0449457760769302,-0.043200853158096,0.0545116091977358,0.060809172654885,0.00587488995183908,0.102080176407734,-0.0163443367340517,-0.081009096258734,-0.0072043841019655,-0.0496966860230747,-0.0257249314695002,0.0747969016781859,-0.0355071952886225,-0.049165249518416,0.031724680587635,-0.0143264715475578,-0.0463290944183513,-0.0634818507531951,-0.0179068024970019,-0.0126073118860304,-0.0426915191200243,-0.0274491879712387,-0.0298970412396287,-0.0379496792137764,0.00724874845849533,-0.0947139159228393,0.0326776571029451,0.106559127460508,0.0448895958840214,-0.0559638393583541,-0.0173208173433378,0.00746009516767784,0.0364619197802641,-0.0563079613161036,-0.0140085944765111,0.0952785730214388,-0.0949584925817729,-0.0519420223080092,0.0679489382143868,-0.0304559230840404,-0.0960508690400027,0.0437400858206944,0.0275980561932024,0.0732904164710116,0.0355695131627751,0.0556387098608645,0.0154141098375039,-0.0288761314904704,0.0260281069458138,0.00879795971623068,-0.0433818697230524,-0.00758678843299245,-0.0154866819175358,-0.0202309352241396,0.0250320731334864,0.0359002068438583,0.0537900504902043,0.0419714109089273,-0.00995018111121547,0.0417679856129447,0.012243449345171,0.11641959674241,-0.0512088533782843,-0.0495745266628261,-0.104740629957551,0.0866363381440444,0.0454907246194071,0.0680443784157101,0.03564466341064,-0.0729507549156437,0.0615030615232441,-0.0387563801502736,-0.0539681462925913,-0.0239998515888558,-0.01503368151316,-0.0226131019692284,0.0334553782983755,0.0535149765078886,-0.0150829431017756,0.106750568875447,-0.0125811037077356,0.0211750776059177,0.00768021296227707,0.0362045522083529,0.0291352054891952,-0.031719914104542,0.0148917094832173,-0.0339642073350466,0.0286274117678728,-0.0306071775437844,-0.0354818291546425,0.0396838096206232,0.0271376670156389,0.0189633718701603,0.0189781463111726,-0.0244569355510793
16,3,0,0,-30.58,0.0402802101576182,5.71,1.19964973730298,6.3415061295972,0.609457092819615,2.80210157618214,59644.6479859895,4080,75,3.71666666666667,29,1,0,59644.6479859895,0.144816192594662,0.0837860575725272,-0.0414654838668243,-0.0276066080098291,-0.0268390100239517,0.0944925171615288,-0.0381132611002668,0.0233677765224771,0.00277076180997919,-0.0700329417760815,0.0393473251922334,0.029149821472646,0.0209985287112273,0.0287629307290429,-0.00183241761458839,0.0375465084904886,-0.0719809371544564,0.00586250034543552,-0.000748449958258196,-0.0345077207735915,-0.03655087392489,0.0126238871777979,0.00773988511227399,0.0373905700805176,0.00986819869946119,0.0148378769905444,-0.0111972183588281,-0.0118904058449655,0.0337399641135595,-0.0346937477492111,0.00473565931573977,0.0176453699001421,-0.00983058223958686,0.0250482285055547,-0.0235454479742905,0.0606808206522537,-0.0271512009193609,-0.0148187997868912,0.0427678546453291,-0.0954075749660177,-0.103414078337308,-0.0731058726459769,-0.0864034817111012,0.0603880440864328,-0.0295846990867649,-0.0225579173967335,-0.044277899151035,-0.0233950132660574,0.0341683892561072,-0.0129902194646236,-0.0150428386344051,0.0430393431124934,0.0353754086786004,0.0436398747634094,0.0297302844925925,-0.0283095295726976,-0.0424760922862526,0.0109841341433226,0.0153970731702548,0.00596751497281302,-0.0219476498455322,0.0292179120265387,0.0560702241588249,-0.00394054431436333,0.0136714248333893,0.0207416946671439,0.0279730813272593,0.0238623503209817,-0.0484350475272936,-0.0224203001269564,0.0533304207739222,-0.0298018605062304,-0.0836679798749755,0.0111602624321382,-0.00802138509431522,0.0196678913966956,-0.0890127420413312,0.00825340551416957,0.063319032481143,0.00155560889026361,0.03473003719232,0.0455479293054435,0.033172303408025,-0.0294498190923694,0.0106027864391847,0.054305916310424,0.0547856856208378,0.103549180893012,0.0169660383316227,-0.0277332472905947,0.0559980662027995,-0.0541558004496249,0.0304552040356521,-0.00103309900938504,-0.0354814049732177,0.0502927148500969,0.031176939993603,0.0882008285224403,-0.028827643350113,-0.094102483231151,0.00682761157061718,-0.0104541072055084,0.0237394338510892,-0.0166621177355095,0.0391208462285235,0.0347295952009106,0.063378517590704,0.0452176294772626,0.0576933511815408
17,13,0,0,-30.73,0.0522388059701493,5.36,1.74067164179104,7.32835820895522,1.71082089552239,1.55410447761194,54768.5447761194,4080,75,3.71666666666667,29,1,0,54768.5447761194,0.0680184473021088,0.0377068590331685,-0.0705014916880122,-0.00932299018201064,0.0454511857660984,-0.00513358891309427,-0.0775293154724825,-0.00656413978269061,0.00529240428693111,-0.0124550445902334,-0.0281944881717045,0.00825577097937632,-0.0433662852132195,-0.00488943680870463,0.0167682178252651,0.0415431794607384,-0.0674455062981148,-0.106085389959839,0.0279835553467541,-0.0221565724975336,-0.0754362515322045,0.0703342074071041,-0.0348285494296863,0.0292275665544946,0.0742239994496403,0.0258885515013753,-0.000624896863309982,-0.023466715800491,-0.0665471574966932,0.00933921608105922,-0.0102541655631317,-0.00252192536691808,-0.0376192903339823,0.0475297980549,0.0222403633333877,-0.0612713753573224,-0.00155241750287751,0.0135564555273879,-0.0050097696357053,-0.0257463726643149,0.0715981834093937,-0.00145613309391059,1.71438563582393E-05,-0.0295841688010346,0.0163247998170571,-0.0542735497160606,0.0462921562458353,-0.0134598009376989,-0.035771066927273,-0.0386795257204595,0.0682424821333868,0.0201348617057686,-0.023264674755056,0.0736329958766203,-0.0146418362905332,-0.0194112153844036,0.0841001374484988,-0.0635292358731571,-0.0553973591060187,0.025187229018554,-0.110443836371853,0.06481916408858,-0.0430490958790194,-0.0170593837344594,-0.0305377751461949,0.016324617243369,-0.0152994414995316,-0.0453750436369626,0.0328863273816275,-0.0208153817207018,0.0192769275932806,-0.0371132340283479,-0.0364906875501648,0.0248645731693009,0.119784204825431,0.00871958701209936,0.0269176034246731,-0.0143216367572451,0.0714242526102131,0.040640421826482,-0.0534519367218136,-0.0420923146556307,-0.0759467748678906,-0.0102032499883491,0.0178876003349274,0.0164317999224513,-0.0434176210078571,-0.081524361146451,0.000945951961346238,0.0110245083908555,-0.0691868026092515,0.0595578008173864,0.0619433731961681,-0.0131974902410698,-0.0294895806416842,-0.0353218992199695,-0.00322676454763974,0.0226876956980386,-0.00825179400529799,-0.0597720479251534,-0.0386830236008709,-0.0570523635132957,0.0581244070915614,-0.178237697083,0.0644210740699959,-0.058118286355134,0.0653261106866192,-0.0271750689248331,0.0583682514626241
18,1,0,0,-29.38,0.314126394052045,5.38,1.84386617100372,7.46654275092937,1.79739776951673,1.43866171003717,-53283.5260223048,4080,75,3.71666666666667,29,1,0,-53283.5260223048,0.0251379415044893,-0.146278965905237,-0.0275088160720541,0.0118853509586984,-0.0392748930341116,-0.0186817104413743,-0.0783889666945973,-0.0365730767572367,-0.046578803544696,-0.0198527732661205,-0.0521191226013064,-0.0398130566510381,0.0108887543826484,-0.0498709327199657,0.04397694430417,-0.0139102905383753,0.0343432341372565,0.119768951515688,-0.0415692304212407,0.0498992207924388,-0.0646194495015044,-0.0127905492082247,-0.00941953035957005,0.0436046944855003,-0.0404295509947946,-0.0132220032220616,0.016498950587277,0.021619178550326,0.0655591054497049,0.0411961384847457,0.0319411286010885,0.0583172352120859,0.0335870789055532,-0.0577220278890344,0.0360089194846232,-0.0515727850768221,0.0479013038784118,-0.0570556293341662,-0.0434785593792599,0.0417126726971049,0.0132036494035504,0.0117205656193092,0.0436527006732283,-0.0349100829834729,-0.061711150217471,0.00365251707223761,0.0901828696631568,0.00466005495307411,-0.0400609682786914,-0.0783926593253371,-0.0262748404911747,0.0369945574610139,-0.030114079209211,-0.00534309561761254,0.0408216238807709,-0.0338344564829468,0.0162443214301612,0.0271108978314583,0.0115805965989304,0.0241366105180472,0.00298564788731053,-0.0335821905998185,0.00288591934669105,0.0405747877326869,0.0208287757909106,-0.0824659236188127,-0.038499196278017,0.0406879799899603,-0.0071739501797375,-0.0224175079032408,0.0922899157537745,0.00432876986491553,0.147244984855891,-0.0667207681029878,0.0148034867614239,0.0031066741762544,-0.0686217945985384,0.035039948544593,-0.0831134759339587,-0.0275608699570061,0.0268196696386976,0.00869254741761728,-0.00986308776718427,-0.0920412713143489,0.037472349189378,-0.0749140946694539,-0.0378106189095908,0.0748677613949191,0.0569390792863052,0.0226701771940149,-0.111332148872743,0.04203286146692,0.0813425659335016,-0.0537196229764429,-0.0351953174030716,0.035440991179635,0.0893626047610816,0.0310393506274729,-0.088175050522817,0.0416355312371823,-0.102639850192984,-0.0012972827782532,0.0725923635555667,0.0173567334716609,0.0145308712046477,-0.0276376247001809,-0.00686851281148098,-0.0532585829894813,-0.0248825668881427
19,1,0,0,-30.57,0.0365217391304348,5.75,1.2695652173913,7.11652173913043,0.697391304347826,2.81913043478261,61039.4939130435,4080,75,3.71666666666667,29,1,0,61039.4939130435,0.0116717570340486,0.0524724823490456,0.0181626751431888,-0.0653528036591001,0.0122020762381778,-0.0472936709429834,-0.0152774524751424,-0.0352122937954517,0.0271037583473222,0.0634593943914579,0.00887916363129791,0.0669138684759948,0.0481828103971285,0.0401634656073424,-0.0238536584018063,-0.0244111780956542,0.0211684232214558,-0.0372952832799219,-0.109307131581229,0.0296135826160808,0.0632312721803658,0.0783582167671432,-0.0539661091137262,0.116226557417373,-0.030791910211006,-0.0520767020619898,0.0128837458036464,0.0411963422885221,0.0298972257797079,-0.0118405899759294,-0.0394172130074441,-0.0317591407994894,-0.0242142431769061,0.044202772678848,0.0865225503579645,-0.00488285659355184,0.0539592949997508,-0.10071163220466,0.0339645606338104,0.00398937399319331,0.014366650407497,-0.0618410037179922,-0.0550249581411429,-0.0483169328889393,-0.0167319787964464,-0.0675215865424123,-0.00520494477795449,0.0688793312134511,0.0725857715717764,-0.0086766209708686,0.00348851516759461,-0.0330510842103161,-0.0528882480287456,-0.0900543002209265,-0.113749967722148,-0.081429998404944,0.0440256508597462,0.0548528986995605,0.0116475432200481,-0.0379253127186268,0.0174695852048495,0.078549610828968,-0.0985854322746795,-0.0309229231410084,-0.0278179597383105,-0.0472511753645345,-0.0697270174367716,0.00551855767058968,-0.0389165549002805,-0.0545195897044637,-0.0302048378541248,0.018354713180538,-0.000659076464850338,0.0454170597672368,0.0538709051316989,-0.0232790999115078,0.031142034000227,-0.00658863118306111,-0.0375355641053979,0.0109024235124583,-0.0546235852142492,0.0208304966433788,0.0719506363846662,-0.006137050234309,-0.00512579216123797,0.00583699770569325,-0.0180215856953145,0.00440172555298607,0.0479680326190889,-0.0301368634680229,-0.0640349898336779,-0.0892376635369909,-0.0184433567716283,0.0711004221164855,0.0301962451206726,-0.0796001065868585,0.0280841206249066,0.0103497618246689,0.005334445538562,0.0193495700028671,0.00567502601141575,-0.0223555651963331,0.0320938516015764,-0.0100189971388723,-0.0201266483615582,-0.00752140055520868,-0.0777519354811741,0.0127341440036924,0.0574943615169793
20,13,0,0,-29.75,0.1875,5.6,1.62142857142857,7.46071428571429,2.34642857142857,1.05714285714286,92437.9732142857,4080,75,3.71666666666667,29,1,0,92437.9732142857,-0.0436891460392109,-0.0361359400907358,-0.0490351782190152,-0.0284035368860093,-0.0390476907554626,-0.011627186599301,-0.034863007290247,-0.0421757513706352,-0.0175936437509702,-0.0128107107604732,0.0162177443428611,-0.0255553521690499,-0.0389927966704468,0.0740797328681481,-0.00827094107165572,0.0248460607061242,0.0536365455571511,-0.0338427635541918,0.0131030138893359,0.0597806143814564,0.0302229091529574,-0.0523153267497533,0.0535619190748974,-0.0663347984686987,-0.0298542974449564,0.0365933973103603,-0.0841159342009117,-0.00633160235373281,0.035978925526377,0.0506334335369736,0.0566800847099934,0.0247609664973895,-0.0504038047071676,-0.00965920894129143,0.0116939409028459,-0.0367084598675097,-0.0616589666725628,-0.0499208845614891,-0.0311342184983783,0.128447942469163,0.0338135660751991,0.0793028614800135,0.011859432633549,-0.0195366668330393,-0.0258838130375296,-0.0611205132558217,0.0374500895777012,-0.0184141190366152,0.0184567515024747,-0.0387431058372357,0.129156517168037,-0.0707363438081487,-0.00236120520689394,0.0321160756550874,0.0140840644127127,0.00939879352103786,0.072043016072409,0.0480595758861752,0.00408034871728455,0.0691610675315471,0.000831379581969327,-0.0682006276221572,-0.0276053748815513,0.111064614161768,0.0356003144919408,-0.000288762360363798,0.0330919989651875,-0.0128253222351491,0.00740641146968229,0.0875493505406702,-0.0450981579266845,0.125136686300296,-0.0107981644387975,-0.0266503650694961,0.0308345035695073,0.0409273900419343,-0.0113774325397391,-0.0134398930438839,-0.0166254018198993,0.0817371086307002,-0.0126890300344384,0.0940034381972771,0.031351715679105,-0.0161335881827649,-0.0187929996323252,-0.00823153200068977,-0.013926469859865,0.0727559854161766,-0.00786287491367207,-0.0342998153245456,0.070976198379002,-0.0395828154133727,0.0273167735416968,-0.0391469861849735,-0.0217368464363119,0.0405265688802314,0.0380175457851749,-0.0608037186873338,-0.0577909054728182,0.0155335559294418,-0.0640453702844883,-0.0122756762153403,0.013441275688332,-0.0142746672874061,0.0157530378740783,-0.0333098006784614,0.0154896139586973,0.018346254788635,0.0871955679829539
21,11,0,0,-30.67,0.110074626865672,5.36,1.83582089552239,7.59888059701493,1.75373134328358,1.4589552238806,-6006.4776119403,4080,75,3.71666666666667,29,1,0,-6006.4776119403,-0.0154143587686944,-0.0713266873317261,-0.0138697919686915,-0.00991106031812598,0.0558022238894265,-0.0612656484882688,-0.0153488432305523,-0.0151525906057703,-0.0127906996785144,-0.05429651486404,-0.00929287101078933,0.0114687464513009,-0.0219555157548395,-0.0486117520162005,-0.0183355647080622,0.0625217343825361,-0.0223479009602928,0.0821067460085457,0.0237198587365106,-0.0371883673035374,0.0322302979592125,-0.0571359562551942,-0.00670600553303323,0.0064416689888536,0.027338504677231,0.0102311269079406,0.0543995485151805,0.0478707277770122,0.02697393490029,0.0591689489426416,0.0634761424629067,0.00708071539660381,0.0172327843643711,0.0415397235741472,-0.0317316183431008,0.00957440864779275,-0.0245193234643409,-0.0050443959932075,-0.0501931833118956,-0.064982323797525,0.0503450549302838,-0.0121039588368484,0.121746978557938,-0.141084098257768,-0.0322643088100574,-0.0248844592610982,0.069085860316255,0.0364498905713565,-0.029710066413383,-0.00294491712036324,-0.0168176093201199,0.0337088647719675,0.00925073802099122,-0.0313991583290646,-0.000470564873777038,0.000106323159588384,-0.00753088534500971,0.00746200929766832,-0.0546129424496443,-0.0420246847046802,-0.0955684401019247,-0.0336410531819863,0.00391534051332952,0.0104873303856026,-0.0467550336518026,-0.028277706291537,-0.0265410878333191,-0.0227142769130258,-0.0189178925420475,-0.0362843596146496,0.0315739176792458,0.0446186437012068,0.0472121422582625,0.00469182752217394,0.000522545330209798,0.00934747490783265,0.064525360849335,0.0552589965107185,-0.0100576225840605,0.0260791765117412,-0.140432311010476,-0.067667568980501,0.028865375339762,0.0932575796732898,-0.0215409467706072,-0.0890288721957783,-0.0454328168695319,-0.0533731415825793,0.0474977726272768,-0.0369165439965399,0.00404015659815146,-0.0344538790394041,-0.0446682783314423,0.00199644068500431,-0.070883893339377,0.0196849555799269,0.00318467926536482,0.0443049284161162,-0.0582236506771214,0.00636850512901603,-0.0760932240946416,-0.0388495434396847,0.0685942784615211,0.0426302090457854,-0.0280580367053222,-0.0293736606187009,0.0173642722472012,0.00218332527187378,-0.010251397098549
22,1,0,0,-29.78,0.350909090909091,5.5,1.85454545454545,7.54909090909091,1.94181818181818,1.34727272727273,-46530.4436363636,4080,75,3.71666666666667,29,1,0,-46530.4436363636,-0.0597237899102842,-0.00729972101711809,-0.0591741501080476,0.00041645716649826,0.0171416563482392,-0.0439455492710589,-0.0762180210534969,-0.00208443978221053,-0.0184858811882167,0.0206346206204777,-0.0262703612715234,0.0654132412545155,-0.00544394046670181,0.00379234205200485,-0.118497584152203,0.0561118876988839,0.085730527039567,0.00831335413287538,0.0777398765839727,0.0476501923090024,0.00965063591263695,-0.0510195282940955,0.018816068256219,-0.00452851418865091,0.0749139764626769,0.0178515887959062,-0.0483115214473513,0.0181129208797286,0.080338299213831,-0.0579961578561486,0.0138062123889864,0.0129887080050266,0.0168519808861784,-0.0165852907019619,-0.0128818077276089,-0.0403885517673176,0.0159909052164501,0.0574810990048544,-0.0879196726103691,-0.0222285225122164,0.0460712412672599,-0.0326576510795609,-0.0211391189616184,0.047105415375218,0.0150198966454495,-0.00376754343841214,-0.0742613175746756,-0.0486141511350952,0.069648862792602,0.0357799044089901,-0.012763925866714,-0.0776313865842848,-0.057467831402329,0.037515995649659,0.0156051478106607,-0.0548925437931851,0.044187869700283,-0.0507095322422945,0.0761519383473215,0.0213396697572873,0.0318521308431966,0.0918488648170979,0.0357638302400206,0.0466873623425214,0.0360390568991551,-0.0396433564620125,-0.0100962093429699,-0.068694681554775,0.0742682911531133,-0.0197059569084722,0.0656301834773706,0.0363755365208949,0.0260113806349038,0.0474558157871474,-0.0668096751467166,0.0290183076894994,-0.023903188827302,0.029904725108107,0.0147617373834629,-0.0175647824196603,0.0801395653668457,-0.0182584212397354,-0.0392219460764126,-0.0122838845863606,-0.0203446787679047,0.0503973167178656,0.00913876662053497,-0.0155879293558176,-0.0496843164633841,-0.0498447614947641,0.00153182915850099,-0.0052243291786472,-0.0361306994475985,0.020899926569905,-0.0687490232149604,-0.00970621733879511,-0.0887805999015238,0.0321062099571842,-0.00392886677227876,-0.010769560043548,-0.0259327491550176,-0.0730382885302575,0.0765848308965296,0.0311128305206228,-0.0674444845874608,0.011979176270536,0.0555467836040069,-0.128265010677361,-0.0566646303549752
23,0,0,2,-26.5,2.26887417218543,7.55,1.12185430463576,4.04900662251656,1.97086092715232,2.6317880794702,-15980.1854304636,4080,75,3.71666666666667,29,1,2,-15980.1854304636,-0.00626786427520101,0.0281121595968342,0.0476887491326053,-0.0474588591098598,-0.0463440994523428,-0.0424849787674392,0.0248545458811989,0.0300652440925531,0.0338916771055187,-0.0563455450423233,0.02676597689412,0.0319201609878167,-0.00493678355215499,0.0141596789010991,0.00315547014553863,0.0650240208471278,0.0238785968249327,-0.032813330491199,0.0148038451501635,0.0606236483345886,-0.0594798851850101,-0.00915897220411431,-0.0171910584358973,0.0470585998704664,-0.0308911441741997,0.0955799828421033,0.0381471100126401,-0.0592888054981688,-0.0122865974678887,-0.0225661322209399,0.0774229350009448,0.00792814139222182,0.0595045936464046,-0.0139406347102394,-0.0385475096730555,-0.0134121050652936,0.0405051000831091,0.0519921286310492,0.0241052344652637,0.0396093520176491,-0.105462449023365,-0.0386979699975476,0.0194177661131196,0.0142203523885152,0.0245978428934432,-0.0317452764954348,0.0181429622264107,0.0163899908187127,-9.18551746180357E-05,0.0646041118831318,-0.030454196639907,0.022835732167913,-0.0591431356137346,0.0136579087113365,0.116529225734477,-0.0293893266872891,-0.071134214198953,0.0176906492923619,0.00524875942225067,0.044280162882155,0.0258785666089924,-0.0117829542215045,0.018824117075131,0.0359532824470622,0.0523824452221955,-0.0489386282378726,0.0084009155675302,0.0222130460344053,0.0320409712721534,0.0281758753634695,-0.00295222892853347,0.00367599438661657,0.0588236250171976,0.0298592386952337,-0.0270014402299505,-0.0789708732426652,0.0307376005020179,0.0301833921990095,-0.066084112421829,-0.0441206939623274,-0.0234579800003695,-0.0310992163820054,-0.0125912789153087,0.0139632680648158,-0.0148369148669259,0.0726125564164692,0.0898073706532282,0.0141679533776763,0.0364595330228987,-0.0829317496620448,-0.025668136142101,-0.00570849799611938,-0.00771943032511503,-0.0341320687217543,-0.0486054938191503,0.0341049143796024,-0.0380712981613347,0.0318379778834535,0.0137384287707959,0.0216496280674584,0.0514634955657001,0.015590589676461,-0.043339219685471,0.0406792422107546,0.0582318129502598,-0.0353011854660309,0.00808892757448018,0.0902809787502072,-0.0248969487997299
24,5,0,3,-26.21,2.13782051282051,6.24,1.65224358974359,6.03846153846154,3.2099358974359,0.769230769230769,-76707.6266025641,4080,75,3.71666666666667,29,1,3,-76707.6266025641,-0.0324963855116531,-0.0260859707903725,0.0129719980658713,-0.0347573725211301,-0.00103748862298309,-0.0289074792138468,0.031020377031134,-0.0163461532654082,0.0619011132556152,0.0136319068354183,0.0310294474478276,-0.0159063930043229,-0.0107817546649679,-0.0336736647443284,0.0169446656535971,0.0443449563532549,0.108366810584424,0.0377673123295537,0.0540281883654183,-0.0525135843039223,0.0961403881740195,-0.0317796057838158,0.0174943037166339,0.0248897147494927,0.0682373168515418,0.0284280405462137,-0.0442440963431656,-0.0490991150234727,0.0236952770994229,-0.0481163487248029,-0.000207846481666377,0.014839112280056,-2.90099613411994E-05,-0.0143525978351354,-0.0233251136152404,-0.0140847362701452,0.0174446943068387,-0.00409306322077267,0.0357977917875215,-0.0178723385764365,0.0107327140611185,-0.0117754631196539,0.0322111678953687,0.0822624927942515,-0.108216240280616,0.0101946045522888,-0.125068578550279,0.0315085418515619,0.0813892634128762,-0.018351031472307,-0.00147392497472036,-0.0624537793954735,-0.0513015338932223,-0.0436233727422057,0.0789041055661598,0.00698606729828986,0.00836579839578522,-0.00774866099338135,-0.000851307853867033,-0.0339584157847564,-0.0242775751850068,-0.041988234079572,-0.024225375000194,0.00845889967060435,-0.0434857334614528,0.0313017706069604,-0.0264306512140731,-0.027124491412585,-0.00668633393672667,-0.000518427392844366,0.055188036724849,-0.0108337834929788,0.0583930348450408,-0.00968173275243377,0.0343209482164627,-0.0605401794611347,0.00808676123680895,-0.164279235711587,-0.0245743989283273,-0.0203997345955015,-0.0125953028160115,0.0810692849772521,-0.0280600153813956,0.0870082729456279,0.010291348251322,0.0331456046908501,-0.0532895434457032,-0.0438101389647141,-0.00522383831643142,-0.0595213726328879,0.0163406505959642,0.00738903999279392,0.0237827572972806,0.0341962581109375,-0.0141993788506016,0.0390852462286473,0.0133676292031605,-0.0265859753292587,-0.0996395185362843,-0.0155088043408963,0.00416463483092415,-0.0612624340849537,0.04441878139576,-0.0942739395186104,0.0216693868524692,-0.0148323649917315,0.0806329210938972,0.00329227387616719,-0.0731608607711484
31,8,0,3,-26.7,0.835125448028674,5.58,1.60573476702509,6.52508960573477,2.86200716845878,0.736559139784946,48060.3673835125,4080,75,3.71666666666667,29,1,3,48060.3673835125,0.029392356994146,0.0257962409126066,0.0620921361109341,0.0413021294838476,-0.0147553581223917,0.0316840229691705,-0.0193579454084512,-0.0499081363561322,0.0211969117559034,-0.00725058235499258,-0.00162016442329509,-0.0103194894967723,0.0223877117532211,-0.028678592904416,0.0508312944498798,-0.00455517746319248,0.063757124268284,0.0857704468853693,-0.0288270930035229,-0.0582405679064623,0.0479186425777734,0.0313102213343435,0.0643090725527788,0.00107837547537769,0.0053618742914695,-0.0100085586158845,-0.0971550043414867,0.142799128258031,0.0797988019378591,-0.0636648482441981,0.0416310622838674,-0.0207484958034866,0.0651629168097226,-0.0426103825965213,-0.00619462382188541,-0.0266422588746425,0.0177927486261181,-0.0509485084693726,-0.0211068989701678,-0.0127304258866332,0.0478867687159181,0.00605707836625842,-0.0364862796323446,-0.0130655363048663,-0.0185489845702545,-0.00575385655668922,0.0602302491863101,-0.0369714504551951,-0.0254875060775818,0.0164569284950282,0.0511228429647659,-0.00669306785553971,0.0260339673470587,-0.0239294878546618,0.0336892074345981,-0.00241392857213189,0.0154780466374535,0.0563930910912445,-0.0118156941045935,0.0370751877118187,0.00392822260474202,-0.0246675812600535,0.12859753922894,-0.0570543813796301,0.0181458953662543,0.114170403414897,0.0231698851294321,0.0550631117182761,-0.015720631022854,0.0372776606460692,0.102669155185163,0.00417693623857208,0.014742599270003,0.0492786978273191,0.0246795748733528,0.063052182343662,-0.011641630283107,-0.00370187036652781,0.0137152979204753,0.000379902443773236,0.0409624463632089,0.029340075830336,0.0649249554349747,-0.0492521790415273,0.032097345692954,-0.00527008605473633,-0.0772698668326649,0.0380490944710841,0.142587862497219,-0.00769419536996657,0.0439503641204816,-0.0324714001716822,-0.0227507220318039,0.0686723157486214,-0.0372012275119344,0.000300827151526667,-0.0970803994082001,-0.0656348348111428,-0.0729390177612634,-0.0208799236208161,-0.0229778867024201,-0.0566819974603809,-0.034916145047443,0.106106280042612,-0.0682398529653367,-0.0388934076614358,0.0560242048064536,-0.00671061039479937,0.0513268233863956
46,10,0,25,-11.33,3.57475083056478,6.02,1.01162790697674,3.14784053156146,1.95681063122924,1.78571428571429,57012.1362126246,4080,75,3.71666666666667,29,1,25,57012.1362126246,0.0121481658155017,-0.0239358904562123,-0.0121286664156681,-0.00572257020870709,0.0532126554923271,0.016543340444739,0.016823844669954,0.0302144664788206,-0.04608504756083,-0.0470495049181807,0.0471467323843516,0.00748557605885322,-0.084731803162997,-0.0672091308461552,0.13145313470568,0.0140663148700804,-0.0134907029482878,-0.0230791338440454,-0.0366909913792773,-0.0717952697785965,0.0474859495662698,0.0032265978786795,0.0227801762499528,-0.00836084725251345,0.0616037646860489,-0.0388417113944647,-0.000588628408545799,0.0284146674403524,0.033493118332278,0.0360865514522719,-0.0431797483635384,-0.0203753500367243,-0.0220354926729477,-0.0507284733089671,0.074969860320737,-0.0318953866299928,-0.0278096161137707,-0.0947919791553221,-0.0472769892565649,-0.0800937697335015,0.0565070014426496,-0.0658546632147915,0.049956988941441,0.042040380466925,-0.0849892969479392,0.0137736412935893,-0.0292884998455573,-0.00591027282233501,-0.000852373781312948,-0.0289270182672225,-0.0270813084106295,0.0204513618738527,0.00402812566225124,-0.0141855450243693,-0.00398280833794395,0.0295081569513412,0.00510010282570256,0.0466714282793204,-0.0680227792871976,-0.0225375997223253,-0.0102800505112252,-0.011934462067097,-0.0470262787669084,-0.000212982551306175,0.0326689658780244,0.00254229108894013,-0.00460893103512025,0.0227517167492058,0.0487787514755034,-0.0414912792183423,-0.0241236321696743,0.0337207342552304,-0.0207566735982209,-0.1013362621093,0.0407872679201421,0.0150268768026385,-0.0304915923758506,0.065413144856788,0.104947736659857,-0.0386535608773072,-0.0750921753554692,0.0506905296025684,0.0280341165533823,0.0232864852109718,-0.0824080744460886,0.0138957525163913,-0.0755377696836629,-0.0455874009272094,-0.00490437900700581,-0.0446244271341216,0.0310485551385642,-0.0248255757469234,0.0334987457946069,-0.0130016943322081,0.00514730487624704,0.0566920140606446,-0.000580995274562442,-0.0182405492415942,0.0840581894992545,-0.0733247773437527,-0.0577136965961301,-0.0394564168716468,-0.0237369205420146,-0.0195111625835305,0.0160653769205764,-0.0292736567066703,-0.0106181865108516,0.0383853651779197,0.0416379829851224
50,11,0,59,-0.77,4.83630952380952,6.72,1.08928571428571,2.49702380952381,3.20833333333333,0.904761904761905,38999.8720238095,4080,75,3.71666666666667,29,1,59,38999.8720238095,0.0101963314990229,0.107178193428032,0.0525691141549598,0.0362662924330688,0.049352586784036,0.0105898818165713,0.0481508372929028,-0.0326057870297331,0.0391658432080739,-0.0418081393337376,-0.0315266339498449,0.0684416682623506,0.00808791833278749,-0.054830772007444,0.0369646465929832,0.0211995159075778,0.028416552823576,0.0412541776770939,-0.0349316831192446,-0.0622437967451246,-0.0203296539921887,0.0770270107088581,-0.0075581488289797,-0.0268554451618342,0.067348592373427,0.106149247091655,-0.0708798504601319,0.0241498844904079,-0.0231977510795716,-0.0667821710493525,0.00524791201012894,0.0476780201567915,-0.0508163800895168,-0.0181604960338354,0.00235574191065295,0.042574450859019,-0.0241702926022709,0.116339654176846,-0.0244443940802411,0.023832900202122,-0.00128969427603428,0.0873709795536471,-0.0834872831598179,-0.020284895521864,-0.0164109381780123,-0.0599186402126005,-0.0828540331393031,-0.0205608966238727,-0.000104180232518208,0.0395612579391564,0.00185397575880355,0.0156635701997388,-0.0227003446830322,-0.0160835150013918,0.0288790956973928,-0.0136039015260337,0.0768562900372233,-0.0930922319510582,0.0302236169791774,-0.028993565443031,0.0229880759379168,0.0347394070243898,-0.0526039906749655,0.0183814407361874,0.0121979063231598,-0.0185261519925887,0.0820966813005208,0.0124788396429165,-0.0451692190127792,0.0515090207652338,0.0567541649431244,-0.0182235079761446,-0.00640266550618304,-0.0104789207577787,-0.0348145114696305,-0.030253978615356,-0.0350102700980511,-0.0789747780975967,-0.0378949791490265,-0.00912658757385634,0.111959998760152,0.058243090174993,-0.00143701101288638,0.0153324935930977,-0.0782123968354301,-0.00516995774157652,0.00752612175200302,-0.0140728037537607,-0.0474358429678724,0.0199800301836166,-0.0396026251897975,0.0538821073701919,-0.0187720226125854,-0.0074138968334333,0.0114997302213332,0.0225598023663856,-0.00662241570697604,0.0917771448786389,-0.00432995432285231,0.0012966355487723,0.0263690047119688,-0.0188124379559892,-0.0337747859630342,-0.0260186182794571,-0.0987865455769988,0.0423709787482681,-0.0760369907476379,0.035875281704122,0.049274081986173
60,12,0,63,4.07,4.49352750809062,6.18,1.02750809061489,2.77022653721683,3.00970873786408,0.73462783171521,-55750.6747572816,4080,75,3.71666666666667,29,1,63,-55750.6747572816,-0.0105776157568144,0.00354956839600208,-0.0360828901662976,0.107416090896849,0.0481710925810817,-0.0366608534724927,0.0175583594494595,0.0884099794946512,-0.00248775550845742,-0.0306803725975992,0.0134601783301435,-0.00966966630897953,-0.103951650402703,0.0644542968866611,-0.0697501528155263,0.00582480909651739,-0.022265473535791,-0.0268390259690688,0.0154233258569507,0.113495476706183,0.00178851429913071,-0.0170667065460131,0.0583819443137122,-0.0298107206769061,-0.0566384276692148,-0.0218057904314094,0.049782587096758,-0.0306589240292445,-0.115155858562001,0.0160374690839684,-0.0509471841475616,-0.0811588496596553,0.0843182531483436,0.0518472229787211,0.0429230829108871,0.0400117531473377,-0.01756507997935,-0.0531712424096033,-0.0406341311718592,-0.0399762958560942,0.00625354396841003,0.133427994560233,0.0389628141880197,0.033652596938412,-0.00021164745552706,0.0288122354911236,-0.0880979599943085,-0.0425557303602122,0.0263570816996597,0.0330708014458039,-0.0244058281764757,0.0492538080466243,0.0569024341977552,0.0451765127834693,-0.00176861371716435,0.0060662251501465,0.00204708898008473,0.0487253235646095,0.00795195241072256,0.0375134541345159,0.00592649180858445,-0.0583868055697786,0.0650811078222708,0.0836422125288014,0.0344771286421946,0.0788711167717616,0.0054499375910946,0.0137124925129206,-0.0364097794660892,0.0355741563052918,-0.112540637523666,-0.112030742803834,0.0496095986347428,0.0479210312527307,-0.0105887035889815,-0.0198842980137706,-0.0252169801872921,0.0911102565407205,0.0164571619266257,0.0441740091146978,-0.00571263954502367,-0.0309696113201585,0.0287178919792218,-0.010205052674208,-0.0371515123496771,-0.0309158776941729,0.0657943126224216,0.156368036493462,-0.0601466504659876,0.0597980939029966,-0.00498936819037843,-0.0364255560915435,0.0521224602356278,0.0734156630552747,0.0047154064517238,-0.0585493352652385,0.00234679926166066,0.0941038305345797,-0.00138520156318437,0.0085755772633182,0.0188467589921807,-0.0547141025854691,0.0198169196039654,-0.050520059762685,-0.00666757860282906,0.00358734277173314,-0.0250142079828275,0.00278878228781812,-0.0479544957336497
89,8,0,69,5.69,5.65138888888889,7.2,1.11666666666667,2.21111111111111,3.20416666666667,1.12777777777778,-29173.2277777778,4080,75,3.71666666666667,29,1,69,-29173.2277777778,-0.0283842724694086,0.0192570884388626,0.0306456087454687,-0.0637312386142919,0.0832541671994005,-0.0102011274504125,0.019931514662622,-0.00757930889134978,-0.0353886642503358,-0.0904915317962658,-0.121757227532063,-0.0129847043546964,-0.0432679007458884,0.0652114567943736,0.0956732353849899,0.0270531219882586,-0.00235494730792411,0.0654578822689252,-0.0086069780281981,-0.0621882272757208,0.0796663921706961,0.0858636437688549,-0.0259331612597818,0.0718995767266674,0.00252336415439361,-0.0456265243677484,0.00946607472908653,0.0369498793663835,-0.0692187412219439,0.0310666798906972,0.0166520785015342,-0.0214898699648596,-0.0486837815282896,-0.00580822487842082,0.0050165962119319,-0.0777136630397048,0.0435156639162117,-0.0569238008052077,0.0262841798417194,-0.00615756953043975,0.0611562198999139,-0.0678068454033296,-0.0787342785471746,-0.0325541001367367,0.0793791633527354,-0.0233033176663653,0.094149588820556,0.00902795082370599,0.0453745673173815,0.0349219108206077,0.0893000772165959,0.0354369609112519,0.0215262774734401,-0.0172670086986656,-0.0187054650152924,-0.045474555445174,0.0498022955673693,-0.0366679015328341,-0.00269336592633992,-0.00116083624642995,0.0530096385552774,-0.02231542687637,0.0228177939314003,0.0567864482571558,0.0124233925270007,0.0598277561752516,-0.0412972835286246,0.0537302983502928,-0.0128308545340013,-0.0642310095947378,-0.0506004793176383,0.0439153001235965,0.0179812378430394,-0.0745727271032289,0.0472610689793084,-0.0784579104776152,0.0687946244614306,-0.0309664205621961,-0.0608541805685006,-0.0161197056328353,0.0107445576682241,0.061679584362136,0.0389402735902106,-0.0887046136901435,0.0167496322678747,0.0166094642115784,0.036100799759872,0.087787803472886,-0.0501466403505367,-0.0176481193651325,-0.0537837889164514,0.0259623858827674,-0.014945108265138,0.114905619414075,0.00190267512225155,0.101999773583286,0.0627904589618936,0.0125892746198462,0.0262665072621207,0.0326632331027473,0.0151625594623955,0.0920906023524966,0.0155989359754915,0.00743393245891067,-0.100306767605761,-0.0358615730954275,0.0528489480186719,0.0379335085960935,-0.0311377827860176
588,2,0,71,3.94,5.08892128279883,6.86,1.15014577259475,2.72157434402332,2.93731778425656,1.22740524781341,60144.8804664723,4080,75,3.71666666666667,29,1,71,60144.8804664723,0.00667086898018222,-0.0157270322680263,0.0344448744780543,0.0169060059019334,0.0408985463321137,0.120396613489615,-0.0703036276024405,-0.0133242200161963,-0.0178465386181008,0.00274268268587844,-0.016917520373514,0.0483200182451123,0.00497034655905365,0.0266262343793772,-0.0232043798169492,0.0640377764234699,-0.0899297980611489,-0.0170957482608513,0.0547371270748101,-0.0415999074502907,-0.0873695785717604,-0.0890364480459119,-0.0221021827427507,0.0407037039831503,-0.00949641086397337,0.0663452638605037,-0.0224142088765914,0.0301934067825069,-0.0602174421847423,0.0258696436222524,-0.0448459295744882,-0.0420040302751133,-0.0797604375867161,-0.0114624440773365,-0.0296357676831659,-0.0085890220844231,0.00270421171792368,0.0136204185786733,-0.0286957424915862,0.0294288601577417,0.0134267171129747,0.0369552336131227,-0.0247899207555564,0.0259451789616905,-0.0055530889728626,0.0066995673111566,0.0387895612963994,-0.0144231708298745,0.0498269970747605,0.0312346863051742,0.00736923933522404,0.0634786512666983,-0.120480478916655,-0.0744055363412568,-0.0184524016114947,-0.00932769796219767,-0.0483953894863643,0.0154117950338492,0.0472297092692573,0.0326341006963649,-0.00888715398178825,0.0475920520427236,0.0576208847062777,-0.028228340094032,0.0276588148862834,0.0609727239778602,0.0588354006307962,-0.0532862372726349,-0.111660435508349,-0.111105344432516,-0.0282779957876844,0.0572336288128105,-0.0328907972194652,0.0556150992324425,0.0431563560740174,0.040076729578182,-0.0103587596395146,0.000402618289292576,0.0598383165643746,-0.0371027969803341,0.000643531668440076,-0.0864499307352873,-0.0587906674425522,-0.0548768926724359,0.0451097905008153,-0.0831436221584871,-0.0452435464416693,0.0122776978945291,0.121243338622,-0.0446628169029675,-0.133493351758023,-0.0962487857203384,0.0109813787303771,-0.0532408128204708,-0.060518825316532,-0.096642767561658,0.0969732195988235,0.0425247971826624,-0.0300858997136806,0.0736173559127652,0.0537377809732866,0.0149509409593321,0.0630834578114789,-0.0765112039489579,-0.0145700926194423,0.0406941526959464,-0.0285227579190571,0.0355173073376766,0.0555840375166664
634,14,0,71,7.39,5.22366522366522,6.93,1.07503607503608,2.35209235209235,3.22222222222222,0.948051948051948,-18506.7489177489,4080,75,3.71666666666667,29,1,71,-18506.7489177489,0.00634833384243825,0.0348815992601649,-0.0217217805154085,-0.00469328549757527,-0.045189305890396,-0.0361691653481774,0.0161529272899287,-0.0707766278438528,-0.0310709858901508,-0.0946148043558408,0.0337180228858959,-0.0447666184057675,-0.107130925975301,0.0743044518900547,-0.0210857259118042,-0.0356341291513676,0.0276168359494973,0.0154989851656847,-0.017803605455161,0.0522689068413808,-0.0620426492797063,-0.0103487573472702,-0.0357272407358209,-0.00118997009365728,-0.0680547377194434,-0.0262391068657697,-0.0283680723080065,-0.0118685818822851,-0.0239267160662502,0.0347118321364154,-0.0853952303894702,-0.0372723760523526,-0.0217990421723733,-0.0767268255868755,-0.00852094067915052,-0.0267886626830278,-0.04170121347368,-0.0402389380521702,0.0469951214917142,0.130159844506555,0.041806820645528,0.0238111266762707,0.00859650643666908,-0.084764705722825,-0.0932528958209735,0.0094053957725052,0.0195664644209302,-0.15436206696653,0.0944366553656139,0.00326533656851257,0.0464873894343529,-0.11109262026025,-0.0645796603294754,-0.0449069981182793,0.0174199330612228,-0.0552586470802863,-0.0287985883399949,-0.021253001057492,0.0148432051738743,-0.0329939125185435,-0.0144656884176049,0.0437103551616787,-0.0184451268132887,-0.0172047453839859,-0.00791331489254783,0.0128771156662551,0.00890205060153082,0.041513535821801,0.0502133895309213,-0.0163829817100385,-0.0244244096237668,0.0434959601762205,-0.0052143855503872,0.0296645910204067,0.058205657082355,-0.0229219818423145,-0.0515084749218837,0.0143771537646249,-0.0400111062744029,0.0169232977483671,-0.0168723371938726,0.0111113868146661,0.0336971223342862,-0.0738373839910395,-0.0168138945947179,-0.0477280778142936,-0.0848756779364461,-0.0471031345854317,-0.042551675190221,-0.0728255092594292,0.00980733417179209,-0.0400567640243764,0.00354677643297613,-0.0280966462392487,-0.046428915686298,0.0221559195379318,-0.0797634729299351,-0.0673626243350129,0.0119540121317744,-0.036376590463574,0.029514967029247,-0.0134961021777296,0.053097272531693,-0.0549824201403575,-0.0522985785339187,0.00956711794376912,-0.00304575384801458,-0.0180676418472344,-0.00995924701519181
743,5,1,76,7.6,6.06918238993711,7.95,1.19874213836478,2.4503144654088,3.56729559748428,1.1811320754717,14230.8716981132,4080,75,3.71666666666667,29,1,76,14230.8716981132,-0.0511901723778362,0.0106180294135505,-0.0284839920071323,0.0373570602670927,-0.0238739530368209,0.00509044026520156,-0.0374709684369266,-0.0909552990693526,-0.0244814558687077,0.00423999123907222,-0.0140915122368712,0.010466426460097,-0.018976439161565,-0.0692702464734613,0.0210511297636994,0.0264828677595965,0.0753605929155977,0.0133936174773362,0.00226175625595468,-0.0500839894757367,-0.00466514745128637,0.0843600809858568,0.0241714564422518,0.0441158316278275,-0.0314394268780133,-0.0404663152087365,-0.00693732748029856,0.031345766532489,-0.00694672688135135,-0.0235153106950661,-0.0606975461307092,0.0433247686287677,-0.00434738572965534,-0.0034921773612268,-0.116990486408515,0.0212298010536311,0.0137765505964999,0.0207431410170141,-0.0184626427799687,0.0255224380168241,-0.00374315373110452,0.0431459744685384,-0.110263285415802,-0.0543571527895051,-0.00148917856014449,0.0191680154377147,-0.0271787939484208,-0.0440015482016024,0.0773754578919288,0.0299969946876427,-0.0363309523213163,-0.0176242348848845,0.0508272459228762,-0.110009634127762,-0.066729333181104,0.0678504339348791,-0.0126474388483856,0.0474331406433105,-0.038434636060625,-0.0296909672415255,0.0389882163176939,0.0532492117123965,0.0789420682035574,0.0170704827678349,-0.0983323904197485,-0.0279690667325496,0.0270306196206392,0.00600267362676981,0.0522890430907891,0.0719510502985018,-0.0802685161906218,-0.017530194292866,0.0453017632941846,-0.0191511865633893,-0.0861281408860168,-0.0561718602831848,0.0097658500982309,0.0131450645951143,0.0688917564579283,-0.0380359073716208,-0.0233590628407691,0.0572461422544059,0.0127247441775874,0.00996653625633749,-0.0178532576389904,0.0455032603123117,-0.0120361647074826,-0.0352440113903249,0.0656355051371358,0.0813563169667761,-0.0218641806138068,0.0545925890780415,0.055409026219864,0.0465315687240279,-0.00132926780518479,0.0433070655513807,0.0225741510131792,0.0641810484700495,0.0910082420853703,0.0171471385681044,-0.0610985394809007,-0.00595785787554441,0.0139875543106061,-0.0180516763447927,-0.0857782058685898,0.032930979067128,0.055822499391855,0.075648911570377,0.0145856143361177
4048,1,6,78,8.68,5.13031161473088,7.06,1.11473087818697,2.78186968838527,3.23937677053824,1.07365439093484,-47653.5694050992,4080,75,3.71666666666667,29,1,78,-47653.5694050992,0.0192490594315296,0.023790722887449,-0.0666581985926802,-0.0537871003573344,-0.0224162693400305,0.0228769320425649,-0.0255705529855777,0.0265351019059854,0.0443361962832945,-0.0480911555398943,0.000367558235082065,0.00141042355651195,0.0706004897615003,0.0496065353694978,-0.00307860031731169,0.0420949008819232,-0.0255087042685468,0.0668842330816303,-0.0956072452201842,0.0855712080788287,0.0186632934754872,-0.00804764981354732,-0.045006785288585,-0.0159742238309783,-0.0418888795930883,-0.128560314982332,0.0287715075543946,0.0324484364101044,0.0627390958452291,-0.104451662377021,0.128474171481516,-0.00949298743123272,-0.123124766088593,-0.036513521423364,-0.0230657386156758,0.0226874154149695,-0.0346676350725191,0.031044687211197,0.0378860708361669,-0.00187320971715215,-0.00526707224598043,0.00468635629838332,0.0573951541398063,0.0679970939722645,-0.0672813688287286,-0.0114669326172134,0.0321241782503992,-0.0636031640822011,-0.017127341440968,-0.00870998347252307,0.0505933876468699,-0.0859131407383702,0.0054964872915116,0.0482127705151891,0.0513177338969179,-0.00273521708648168,0.0118336275835234,0.00291231115550394,0.0558633508621824,-0.0180115076213494,0.0152865948284056,0.018146297464787,-0.0120038775473289,-0.128590232346069,-0.0342955294421688,-0.0123660104657535,0.0571621907258201,0.00349063722835743,0.00194114434422538,-0.0503439494744275,0.0221597481389098,-0.0348076904541342,0.0998899850139409,0.0304518428557988,-0.0428210004603723,-0.0498491403109721,0.00275328861363937,-0.0405754443324981,0.048122899429869,-0.0154413256821695,-0.052241944216973,-0.100721512461011,-0.037241258961864,0.0210801565884178,0.00703488147544711,0.0437293296547754,0.0268983673673333,0.00141036884724043,0.043286996622472,0.0114639268482241,-0.089956088396122,-0.014740608987262,-0.000531976886655339,0.0181382258529906,-0.0408575947989924,0.0621335396027908,-0.040115766821847,-0.0357651279005989,-0.00652373391136164,0.0529759043723348,-0.0148161175369898,-0.0037326041378215,-0.0382755582703045,0.0501665200718213,0.0106478710967433,0.0558688609201509,0.0358775628252197,-0.0939790387078882,-0.0448553953711405
